INSERT INTO `tags` (`name`) VALUES
("Foodporn"),
("Yum"),
("Foodstagram"),
("Instafood"),
("Delicious"),
("Tasty"),
("Nom"),
("Foodie"),
("Hungry"),
("Dinner"),
("Lunch"),
("Breakfast"),
("Dessert"),
("Vegan"),
("Vegetarian"),
("Glutenfree"),
("Healthy"),
("Homemade"),
("Cooking"),
("Baking"),
("Grilling"),
("Bbq"),
("Restaurant"),
("Fastfood"),
("Streetfood"),
("Seafood"),
("Sushi"),
("Pizza"),
("Pasta"),
("Chinese"),
("Indian"),
("Mexican"),
("Italian"),
("French");

INSERT INTO `ingredients` (`name`, `color`)
VALUES 
("tomatoes", "ff0000"),
("carrots", "ffa500"),
("spinach", "00ff00"),
("blueberries", "0000ff"),
("strawberries", "ff00ff"),
("raspberries", "ff7700"),
("blackberries", "000000"),
("bananas", "ffff00"),
("avocados", "66ff99"),
("lemons", "ffff00"),
("limes", "00ff00"),
("cucumbers", "009933"),
("pumpkin", "ff9900"),
("ginger", "ff3300"),
("onions", "ff6600"),
("garlic", "999999"),
("chicken breast", "ffcc99"),
("ground beef", "ff0000"),
("salmon fillet", "ff6699"),
("shrimps", "ffcc99"),
("tofu", "cccccc"),
("lentils", "cc9966"),
("black beans", "333333"),
("kidney beans", "990000"),
("chickpeas", "663300"),
("quinoa", "99cc00"),
("brown rice", "663300"),
("peas", "009933"),
("corn", "ffcc00"),
("broccoli", "006600"),
("cauliflower", "ffffcc"),
("brussels sprouts", "996633"),
("potatoes", "ffcc99"),
("sweet potatoes", "ff6600"),
("yams", "ff3300"),
("apples", "ff0000"),
("oranges", "ffa500"),
("pears", "ffff00"),
("mangoes", "ffcc00"),
("pineapple", "ffff00"),
("cantaloupe", "ffcc66"),
("watermelon", "669900"),
("kiwi", "99cc00"),
("grapes", "663300"),
("plums", "990000"),
("figs", "663300"),
("dates", "cc9966");

INSERT INTO `measures` (`name`, `acronym`) VALUES
("teaspoon", "tsp"),
("tablespoon", "tbsp"),
("cup", "c"),
("pint", "pt"),
("quart", "qt"),
("gallon", "gal"),
("milliliter", "mL"),
("liter", "L"),
("milligram", "mg"),
("gram", "g"),
("kilogram", "kg"),
("ounce", "oz"),
("pound", "lb"),
("piece", "pc"),
("slice", "slc"),
("unit", "u");

INSERT INTO `expressedin` (`ingredient`, `unit`) VALUES
("tomatoes", "unit"),
("tomatoes", "pound"),
("tomatoes", "cup"),
("carrots", "unit"),
("carrots", "pound"),
("carrots", "cup"),
("spinach", "cup"),
("spinach", "pound"),
("spinach", "ounce"),
("blueberries", "cup"),
("blueberries", "pound"),
("blueberries", "ounce"),
("strawberries", "cup"),
("strawberries", "pound"),
("strawberries", "ounce"),
("raspberries", "cup"),
("raspberries", "pound"),
("raspberries", "ounce"),
("blackberries", "cup"),
("blackberries", "pound"),
("blackberries", "ounce"),
("bananas", "unit"),
("bananas", "pound"),
("bananas", "cup"),
("avocados", "unit"),
("avocados", "pound"),
("avocados", "cup"),
("lemons", "unit"),
("lemons", "pound"),
("lemons", "cup"),
("limes", "unit"),
("limes", "pound"),
("limes", "cup"),
("cucumbers", "unit"),
("cucumbers", "pound"),
("cucumbers", "cup"),
("pumpkin", "pound"),
("pumpkin", "cup"),
("ginger", "ounce"),
("ginger", "tablespoon"),
("ginger", "teaspoon"),
("onions", "unit"),
("onions", "pound"),
("onions", "cup"),
("garlic", "teaspoon"),
("garlic", "tablespoon"),
("chicken breast", "unit"),
("chicken breast", "pound"),
("chicken breast", "gram"),
("ground beef", "pound"),
("ground beef", "gram"),
("ground beef", "cup"),
("salmon fillet", "unit"),
("salmon fillet", "pound"),
("salmon fillet", "gram"),
("shrimps", "unit"),
("shrimps", "pound"),
("shrimps", "gram"),
("tofu", "pound"),
("tofu", "gram"),
("lentils", "cup"),
("lentils", "pound"),
("lentils", "gram"),
("black beans", "cup"),
("black beans", "pound"),
("black beans", "gram"),
("kidney beans", "cup"),
("kidney beans", "pound"),
("kidney beans", "gram"),
("chickpeas", "cup"),
("chickpeas", "pound"),
("chickpeas", "gram"),
("quinoa", "cup"),
("quinoa", "pound"),
("brown rice", "cup"),
("brown rice", "pound"),
("peas", "cup"),
("corn", "cup"),
("broccoli", "cup"),
("cauliflower", "cup"),
("brussels sprouts", "cup"),
("potatoes", "unit"),
("potatoes", "pound"),
("potatoes", "cup"),
("sweet potatoes", "unit"),
("sweet potatoes", "pound"),
("sweet potatoes", "cup"),
("yams", "unit"),
("yams", "pound"),
("yams", "cup"),
("apples", "unit"),
("apples", "pound"),
("apples", "cup"),
("oranges", "unit"),
("oranges", "pound"),
("oranges", "cup"),
("pears", "unit"),
("pears", "pound"),
("pears", "cup"),
("mangoes", "unit"),
("mangoes", "pound"),
("mangoes", "cup"),
("pineapple", "unit"),
("pineapple", "pound"),
("pineapple", "cup"),
("cantaloupe", "unit"),
("cantaloupe", "pound"),
("cantaloupe", "cup"),
("watermelon", "unit"),
("watermelon", "pound"),
("watermelon", "cup"),
("kiwi", "unit"),
("kiwi", "pound"),
("kiwi", "cup"),
("grapes", "unit"),
("grapes", "pound"),
("grapes", "cup"),
("plums", "unit"),
("plums", "pound"),
("plums", "cup"),
("figs", "unit"),
("figs", "pound"),
("figs", "cup"),
("dates", "unit"),
("dates", "pound"),
("dates", "cup");
